year,lakeid,metric,sampledate,daynum
1982,AL,straton,1982-05-11,131
1982,AL,stratoff,1982-10-05,278
1982,AL,energy,1982-07-21,202
1982,AL,stability,1982-06-09,160
1982,AL,anoxia_summer,1982-09-08,251
1983,AL,straton,1983-05-10,130
1983,AL,stratoff,1983-09-29,272
1983,AL,energy,1983-07-20,201
1983,AL,stability,1983-06-22,173
1983,AL,anoxia_summer,1983-07-20,201
1984,AL,straton,1984-05-23,144
1984,AL,stratoff,1984-10-15,289
1984,AL,energy,1984-08-14,227
1984,AL,stability,1984-07-18,200
1984,AL,anoxia_summer,1984-09-06,250
1985,AL,straton,1985-04-30,120
1985,AL,stratoff,1985-09-12,255
1985,AL,energy,1985-08-07,219
1985,AL,stability,1985-08-07,219
1985,AL,anoxia_summer,1985-08-07,219
1986,AL,straton,1986-05-08,128
1986,AL,stratoff,1986-08-26,238
1986,AL,energy,1986-07-28,209
1986,AL,stability,1986-07-28,209
1986,AL,anoxia_summer,1986-07-28,209
1987,AL,straton,1987-05-04,124
1987,AL,stratoff,1987-09-10,253
1987,AL,energy,1987-07-27,208
1987,AL,stability,1987-07-13,194
1987,AL,anoxia_summer,1987-08-13,225
1988,AL,straton,1988-05-09,130
1988,AL,stratoff,1988-08-30,243
1988,AL,energy,1988-08-03,216
1988,AL,stability,1988-06-20,172
1988,AL,anoxia_summer,1988-08-18,231
1989,AL,straton,1989-05-16,136
1989,AL,stratoff,1989-09-19,262
1989,AL,energy,1989-07-25,206
1989,AL,stability,1989-08-07,219
1989,AL,anoxia_summer,1989-08-07,219
1990,AL,straton,1990-04-30,120
1990,AL,stratoff,1990-09-04,247
1990,AL,energy,1990-07-24,205
1990,AL,stability,1990-04-30,120
1990,AL,anoxia_summer,1990-07-09,190
1991,AL,straton,1991-05-21,141
1991,AL,stratoff,1991-09-10,253
1991,AL,energy,1991-07-15,196
1991,AL,stability,1991-08-27,239
1991,AL,anoxia_summer,1991-07-03,184
1992,AL,straton,1992-05-18,139
1992,AL,stratoff,1992-10-06,280
1992,AL,energy,1992-08-12,225
1992,AL,stability,1992-08-12,225
1992,AL,anoxia_summer,1992-08-26,239
1993,AL,straton,1993-05-17,137
1993,AL,stratoff,1993-09-09,252
1993,AL,energy,1993-08-26,238
1993,AL,stability,1993-07-26,207
1993,AL,anoxia_summer,1993-06-16,167
1994,AL,straton,1994-05-20,140
1994,AL,stratoff,1994-09-21,264
1994,AL,energy,1994-06-27,178
1994,AL,stability,1994-07-12,193
1994,AL,anoxia_summer,1994-06-06,157
1995,AL,straton,1995-05-30,150
1995,AL,stratoff,1995-10-02,275
1995,AL,energy,1995-08-08,220
1995,AL,stability,1995-06-26,177
1995,AL,anoxia_summer,1995-08-21,233
1996,AL,straton,1996-05-30,151
1996,AL,stratoff,1996-10-16,290
1996,AL,energy,1996-09-03,247
1996,AL,stability,1996-06-12,164
1996,AL,anoxia_summer,1996-08-21,234
1997,AL,straton,1997-05-13,133
1997,AL,stratoff,1997-09-08,251
1997,AL,energy,1997-07-31,212
1997,AL,stability,1997-07-02,183
1997,AL,anoxia_summer,1997-08-14,226
1998,AL,straton,1998-04-22,112
1998,AL,stratoff,1998-09-22,265
1998,AL,energy,1998-07-13,194
1998,AL,stability,1998-07-29,210
1998,AL,anoxia_summer,1998-08-25,237
1999,AL,straton,1999-05-06,126
1999,AL,stratoff,1999-09-07,250
1999,AL,energy,1999-07-28,209
1999,AL,stability,1999-08-10,222
1999,AL,anoxia_summer,1999-07-28,209
2000,AL,straton,2000-05-04,125
2000,AL,stratoff,2000-10-16,290
2000,AL,energy,2000-07-12,194
2000,AL,stability,2000-06-02,154
2000,AL,anoxia_summer,2000-08-09,222
2001,AL,straton,2001-05-01,121
2001,AL,stratoff,2001-09-17,260
2001,AL,energy,2001-08-06,218
2001,AL,stability,2001-09-05,248
2001,AL,anoxia_summer,2001-08-06,218
2002,AL,straton,2002-06-03,154
2002,AL,stratoff,2002-09-24,267
2002,AL,energy,2002-07-16,197
2002,AL,stability,2002-07-16,197
2002,AL,anoxia_summer,2002-08-14,226
2003,AL,straton,2003-04-30,120
2003,AL,stratoff,2003-09-17,260
2003,AL,energy,2003-08-18,230
2003,AL,stability,2003-08-06,218
2003,AL,anoxia_summer,2003-06-23,174
2004,AL,straton,2004-05-10,131
2004,AL,stratoff,2004-10-11,285
2004,AL,energy,2004-07-22,204
2004,AL,stability,2004-07-22,204
2004,AL,anoxia_summer,2004-08-02,215
2005,AL,straton,2005-04-19,109
2005,AL,stratoff,2005-10-03,276
2005,AL,energy,2005-08-08,220
2005,AL,stability,2005-06-14,165
2005,AL,anoxia_summer,2005-07-26,207
2006,AL,straton,2006-04-20,110
2006,AL,stratoff,2006-10-04,277
2006,AL,energy,2006-07-25,206
2006,AL,stability,2006-08-09,221
2006,AL,anoxia_summer,2006-09-19,262
2007,AL,straton,2007-04-23,113
2007,AL,stratoff,2007-10-08,281
2007,AL,energy,2007-07-30,211
2007,AL,stability,2007-06-19,170
2007,AL,anoxia_summer,2007-08-30,242
2008,AL,straton,2008-05-08,129
2008,AL,stratoff,2008-09-22,266
2008,AL,energy,2008-08-12,225
2008,AL,stability,2008-08-25,238
2008,AL,anoxia_summer,2008-09-09,253
2009,AL,straton,2009-05-12,132
2009,AL,stratoff,2009-09-14,257
2009,AL,energy,2009-09-14,257
2009,AL,stability,2009-07-06,187
2009,AL,anoxia_summer,2009-09-14,257
2010,AL,straton,2010-04-27,117
2010,AL,stratoff,2010-10-12,285
2010,AL,energy,2010-08-02,214
2010,AL,stability,2010-05-24,144
2010,AL,anoxia_summer,2010-08-02,214
2011,AL,straton,2011-05-17,137
2011,AL,stratoff,2011-10-05,278
2011,AL,energy,2011-08-08,220
2011,AL,stability,2011-07-12,193
2011,AL,anoxia_summer,2011-07-25,206
2012,AL,straton,2012-05-14,135
2012,AL,stratoff,2012-10-01,275
2012,AL,energy,2012-07-25,207
2012,AL,stability,2012-08-06,219
2012,AL,anoxia_summer,2012-07-25,207
2013,AL,straton,2013-05-14,134
2013,AL,stratoff,2013-10-14,287
2013,AL,energy,2013-07-22,203
2013,AL,stability,2013-07-22,203
2013,AL,anoxia_summer,2013-07-22,203
2014,AL,straton,2014-05-20,140
2014,AL,stratoff,2014-10-06,279
2014,AL,energy,2014-08-26,238
2014,AL,stability,2014-06-02,153
2014,AL,anoxia_summer,2014-07-02,183
2015,AL,straton,2015-05-05,125
2015,AL,stratoff,2015-09-21,264
2015,AL,energy,2015-07-27,208
2015,AL,stability,2015-07-27,208
2015,AL,anoxia_summer,2015-07-13,194
2016,AL,straton,2016-04-25,116
2016,AL,stratoff,2016-09-26,270
2016,AL,energy,2016-08-18,231
2016,AL,stability,2016-06-20,172
2016,AL,anoxia_summer,2016-08-03,216
2017,AL,straton,2017-05-16,136
2017,AL,stratoff,2017-10-04,277
2017,AL,energy,2017-07-25,206
2017,AL,stability,2017-08-22,234
2017,AL,anoxia_summer,2017-07-25,206
2018,AL,straton,2018-05-14,134
2018,AL,stratoff,2018-10-02,275
2018,AL,energy,2018-07-11,192
2018,AL,stability,2018-05-29,149
2018,AL,anoxia_summer,2018-07-11,192
2019,AL,straton,2019-05-07,127
2019,AL,stratoff,2019-09-23,266
2019,AL,energy,2019-07-16,197
2019,AL,stability,2019-07-16,197
2019,AL,anoxia_summer,2019-07-16,197
2020,AL,straton,2020-06-03,155
2020,AL,stratoff,2020-09-08,252
2020,AL,energy,2020-07-02,184
2020,AL,stability,2020-07-02,184
2020,AL,anoxia_summer,2020-08-03,216
1982,BM,straton,1982-05-25,145
1982,BM,stratoff,1982-10-18,291
1982,BM,energy,1982-08-05,217
1982,BM,stability,1982-08-05,217
1982,BM,anoxia_summer,1982-09-08,251
1983,BM,straton,1983-05-26,146
1983,BM,stratoff,1983-10-17,290
1983,BM,energy,1983-07-18,199
1983,BM,stability,1983-09-07,250
1983,BM,anoxia_summer,1983-09-07,250
1984,BM,straton,1984-05-07,128
1984,BM,stratoff,1984-10-15,289
1984,BM,energy,1984-08-13,226
1984,BM,stability,1984-09-04,248
1984,BM,anoxia_summer,1984-07-17,199
1985,BM,straton,1985-05-14,134
1985,BM,stratoff,1985-10-03,276
1985,BM,energy,1985-08-08,220
1985,BM,stability,1985-08-08,220
1985,BM,anoxia_summer,1985-08-08,220
1986,BM,straton,1986-05-08,128
1986,BM,stratoff,1986-10-07,280
1986,BM,energy,1986-07-30,211
1986,BM,stability,1986-08-25,237
1986,BM,anoxia_summer,1986-07-30,211
1987,BM,straton,1987-05-06,126
1987,BM,stratoff,1987-10-06,279
1987,BM,energy,1987-07-28,209
1987,BM,stability,1987-08-11,223
1987,BM,anoxia_summer,1987-08-24,236
1988,BM,straton,1988-05-11,132
1988,BM,stratoff,1988-10-13,287
1988,BM,energy,1988-08-04,217
1988,BM,stability,1988-08-18,231
1988,BM,anoxia_summer,1988-08-18,231
1989,BM,straton,1989-05-15,135
1989,BM,stratoff,1989-10-03,276
1989,BM,energy,1989-07-25,206
1989,BM,stability,1989-07-25,206
1989,BM,anoxia_summer,1989-08-22,234
1990,BM,straton,1990-05-01,121
1990,BM,stratoff,1990-10-01,274
1990,BM,energy,1990-07-26,207
1990,BM,stability,1990-08-21,233
1990,BM,anoxia_summer,1990-08-06,218
1991,BM,straton,1991-05-20,140
1991,BM,stratoff,1991-10-07,280
1991,BM,energy,1991-08-14,226
1991,BM,stability,1991-08-27,239
1991,BM,anoxia_summer,1991-09-09,252
1992,BM,straton,1992-05-20,141
1992,BM,stratoff,1992-10-07,281
1992,BM,energy,1992-08-12,225
1992,BM,stability,1992-06-18,170
1992,BM,anoxia_summer,1992-08-25,238
1993,BM,straton,1993-05-18,138
1993,BM,stratoff,1993-10-04,277
1993,BM,energy,1993-08-26,238
1993,BM,stability,1993-07-28,209
1993,BM,anoxia_summer,1993-09-08,251
1994,BM,straton,1994-05-16,136
1994,BM,stratoff,1994-10-18,291
1994,BM,energy,1994-07-25,206
1994,BM,stability,1994-08-10,222
1994,BM,anoxia_summer,1994-09-19,262
1995,BM,straton,1995-05-16,136
1995,BM,stratoff,1995-10-16,289
1995,BM,energy,1995-08-08,220
1995,BM,stability,1995-08-23,235
1995,BM,anoxia_summer,1995-09-07,250
1996,BM,straton,1996-05-28,149
1996,BM,stratoff,1996-10-14,288
1996,BM,energy,1996-09-03,247
1996,BM,stability,1996-07-23,205
1996,BM,anoxia_summer,1996-09-17,261
1997,BM,straton,1997-06-02,153
1997,BM,stratoff,1997-10-10,283
1997,BM,energy,1997-07-30,211
1997,BM,stability,1997-06-30,181
1997,BM,anoxia_summer,1997-09-10,253
1998,BM,straton,1998-04-23,113
1998,BM,stratoff,1998-10-05,278
1998,BM,energy,1998-08-11,223
1998,BM,stability,1998-07-28,209
1998,BM,anoxia_summer,1998-09-08,251
1999,BM,straton,1999-05-03,123
1999,BM,stratoff,1999-10-04,277
1999,BM,energy,1999-07-27,208
1999,BM,stability,1999-07-13,194
1999,BM,anoxia_summer,1999-09-07,250
2000,BM,straton,2000-05-02,123
2000,BM,stratoff,2000-10-16,290
2000,BM,energy,2000-08-07,220
2000,BM,stability,2000-09-07,251
2000,BM,anoxia_summer,2000-08-24,237
2001,BM,straton,2001-05-04,124
2001,BM,stratoff,2001-10-01,274
2001,BM,energy,2001-08-07,219
2001,BM,stability,2001-07-25,206
2001,BM,anoxia_summer,2001-09-04,247
2002,BM,straton,2002-05-20,140
2002,BM,stratoff,2002-10-07,280
2002,BM,energy,2002-07-30,211
2002,BM,stability,2002-07-30,211
2002,BM,anoxia_summer,2002-09-23,266
2003,BM,straton,2003-05-15,135
2003,BM,stratoff,2003-10-13,286
2003,BM,energy,2003-08-19,231
2003,BM,stability,2003-09-02,245
2003,BM,anoxia_summer,2003-09-17,260
2004,BM,straton,2004-05-11,132
2004,BM,stratoff,2004-10-12,286
2004,BM,energy,2004-08-03,216
2004,BM,stability,2004-08-30,243
2004,BM,anoxia_summer,2004-08-17,230
2005,BM,straton,2005-05-16,136
2005,BM,stratoff,2005-10-17,290
2005,BM,energy,2005-08-10,222
2005,BM,stability,2005-06-28,179
2005,BM,anoxia_summer,2005-09-22,265
2006,BM,straton,2006-04-24,114
2006,BM,stratoff,2006-10-02,275
2006,BM,energy,2006-08-07,219
2006,BM,stability,2006-08-07,219
2006,BM,anoxia_summer,2006-08-07,219
2007,BM,straton,2007-05-07,127
2007,BM,stratoff,2007-10-08,281
2007,BM,energy,2007-08-01,213
2007,BM,stability,2007-09-11,254
2007,BM,anoxia_summer,2007-09-11,254
2008,BM,straton,2008-05-09,130
2008,BM,stratoff,2008-10-21,295
2008,BM,energy,2008-07-30,212
2008,BM,stability,2008-08-28,241
2008,BM,anoxia_summer,2008-08-28,241
2009,BM,straton,2009-05-12,132
2009,BM,stratoff,2009-09-29,272
2009,BM,energy,2009-08-17,229
2009,BM,stability,2009-08-17,229
2009,BM,anoxia_summer,2009-08-17,229
2010,BM,straton,2010-05-03,123
2010,BM,stratoff,2010-09-27,270
2010,BM,energy,2010-08-02,214
2010,BM,stability,2010-08-02,214
2010,BM,anoxia_summer,2010-08-17,229
2011,BM,straton,2011-05-17,137
2011,BM,stratoff,2011-10-03,276
2011,BM,energy,2011-08-09,221
2011,BM,stability,2011-08-23,235
2011,BM,anoxia_summer,2011-09-19,262
2012,BM,straton,2012-04-30,121
2012,BM,stratoff,2012-10-01,275
2012,BM,energy,2012-07-23,205
2012,BM,stability,2012-08-09,222
2012,BM,anoxia_summer,2012-09-04,248
2013,BM,straton,2013-05-28,148
2013,BM,stratoff,2013-10-16,289
2013,BM,energy,2013-09-03,246
2013,BM,stability,2013-07-25,206
2013,BM,anoxia_summer,2013-09-03,246
2014,BM,straton,2014-05-20,140
2014,BM,stratoff,2014-10-07,280
2014,BM,energy,2014-08-11,223
2014,BM,stability,2014-09-09,252
2014,BM,anoxia_summer,2014-09-09,252
2015,BM,straton,2015-05-06,126
2015,BM,stratoff,2015-10-21,294
2015,BM,energy,2015-07-29,210
2015,BM,stability,2015-07-29,210
2015,BM,anoxia_summer,2015-09-23,266
2016,BM,straton,2016-05-09,130
2016,BM,stratoff,2016-10-26,300
2016,BM,energy,2016-08-16,229
2016,BM,stability,2016-08-16,229
2016,BM,anoxia_summer,2016-09-13,257
2017,BM,straton,2017-05-16,136
2017,BM,stratoff,2017-10-17,290
2017,BM,energy,2017-08-07,219
2017,BM,stability,2017-08-22,234
2017,BM,anoxia_summer,2017-10-03,276
2018,BM,straton,2018-05-16,136
2018,BM,stratoff,2018-10-17,290
2018,BM,energy,2018-08-20,232
2018,BM,stability,2018-07-23,204
2018,BM,anoxia_summer,2018-09-19,262
2019,BM,straton,2019-05-08,128
2019,BM,stratoff,2019-10-08,281
2019,BM,energy,2019-07-29,210
2019,BM,stability,2019-07-29,210
2019,BM,anoxia_summer,2019-08-28,240
2020,BM,straton,2020-06-02,154
2020,BM,stratoff,2020-10-14,288
2020,BM,energy,2020-08-05,218
2020,BM,stability,2020-08-05,218
2020,BM,anoxia_summer,2020-09-08,252
1982,CB,straton,1982-05-13,133
1982,CB,stratoff,1982-10-06,279
1982,CB,energy,1982-07-22,203
1982,CB,stability,1982-05-24,144
1982,CB,anoxia_summer,1982-07-06,187
1983,CB,straton,1983-05-12,132
1983,CB,stratoff,1983-09-29,272
1983,CB,energy,1983-07-19,200
1983,CB,stability,1983-07-19,200
1983,CB,anoxia_summer,1983-07-19,200
1984,CB,straton,1984-05-10,131
1984,CB,stratoff,1984-09-06,250
1984,CB,energy,1984-07-31,213
1984,CB,stability,1984-06-18,170
1984,CB,anoxia_summer,1984-07-04,186
1985,CB,straton,1985-05-02,122
1985,CB,stratoff,1985-10-24,297
1985,CB,energy,1985-08-05,217
1985,CB,stability,1985-05-14,134
1985,CB,anoxia_summer,1985-05-02,122
1986,CB,straton,1986-04-23,113
1986,CB,stratoff,1986-10-20,293
1986,CB,energy,1986-07-31,212
1986,CB,stability,1986-05-06,126
1986,CB,anoxia_summer,1986-07-14,195
1987,CB,straton,1987-04-13,103
1987,CB,stratoff,1987-09-23,266
1987,CB,energy,1987-07-27,208
1987,CB,stability,1987-06-03,154
1987,CB,anoxia_summer,1987-04-13,103
1988,CB,straton,1988-05-11,132
1988,CB,stratoff,1988-09-26,270
1988,CB,energy,1988-08-02,215
1988,CB,stability,1988-06-08,160
1988,CB,anoxia_summer,1988-06-22,174
1989,CB,straton,1989-05-04,124
1989,CB,stratoff,1989-10-30,303
1989,CB,energy,1989-07-26,207
1989,CB,stability,1989-07-11,192
1989,CB,anoxia_summer,1989-07-26,207
1990,CB,straton,1990-05-02,122
1990,CB,stratoff,1990-09-04,247
1990,CB,energy,1990-07-25,206
1990,CB,stability,1990-07-11,192
1990,CB,anoxia_summer,1990-08-06,218
1991,CB,straton,1991-05-21,141
1991,CB,stratoff,1991-09-10,253
1991,CB,energy,1991-07-16,197
1991,CB,stability,1991-06-03,154
1991,CB,anoxia_summer,1991-08-26,238
1992,CB,straton,1992-05-04,125
1992,CB,stratoff,1992-09-23,267
1992,CB,energy,1992-07-27,209
1992,CB,stability,1992-06-04,156
1992,CB,anoxia_summer,1992-06-16,168
1993,CB,straton,1993-05-04,124
1993,CB,stratoff,1993-10-06,279
1993,CB,energy,1993-08-25,237
1993,CB,stability,1993-07-12,193
1993,CB,anoxia_summer,1993-05-04,124
1994,CB,straton,1994-05-02,122
1994,CB,stratoff,1994-09-20,263
1994,CB,energy,1994-06-29,180
1994,CB,stability,1994-06-14,165
1994,CB,anoxia_summer,1994-06-29,180
1995,CB,straton,1995-05-02,122
1995,CB,stratoff,1995-10-04,277
1995,CB,energy,1995-08-22,234
1995,CB,stability,1995-06-27,178
1995,CB,anoxia_summer,1995-06-27,178
1996,CB,straton,1996-05-08,129
1996,CB,stratoff,1996-10-01,275
1996,CB,energy,1996-09-05,249
1996,CB,stability,1996-07-08,190
1996,CB,anoxia_summer,1996-05-08,129
1997,CB,straton,1997-05-07,127
1997,CB,stratoff,1997-08-26,238
1997,CB,energy,1997-06-30,181
1997,CB,stability,1997-06-02,153
1997,CB,anoxia_summer,1997-06-30,181
1998,CB,straton,1998-04-20,110
1998,CB,stratoff,1998-09-08,251
1998,CB,energy,1998-07-15,196
1998,CB,stability,1998-06-16,167
1998,CB,anoxia_summer,1998-09-08,251
1999,CB,straton,1999-05-04,124
1999,CB,stratoff,1999-10-05,278
1999,CB,energy,1999-07-26,207
1999,CB,stability,1999-07-26,207
1999,CB,anoxia_summer,1999-08-09,221
2000,CB,straton,2000-05-01,122
2000,CB,stratoff,2000-10-31,305
2000,CB,energy,2000-08-22,235
2000,CB,stability,2000-06-14,166
2000,CB,anoxia_summer,2000-08-08,221
2001,CB,straton,2001-05-03,123
2001,CB,stratoff,2001-10-02,275
2001,CB,energy,2001-08-08,220
2001,CB,stability,2001-07-24,205
2001,CB,anoxia_summer,2001-07-24,205
2002,CB,straton,2002-05-08,128
2002,CB,stratoff,2002-09-10,253
2002,CB,energy,2002-07-17,198
2002,CB,stability,2002-07-01,182
2002,CB,anoxia_summer,2002-07-01,182
2003,CB,straton,2003-05-01,121
2003,CB,stratoff,2003-09-18,261
2003,CB,energy,2003-08-18,230
2003,CB,stability,2003-07-08,189
2003,CB,anoxia_summer,2003-08-04,216
2004,CB,straton,2004-04-28,119
2004,CB,stratoff,2004-09-29,273
2004,CB,energy,2004-08-04,217
2004,CB,stability,2004-07-20,202
2004,CB,anoxia_summer,2004-07-08,190
2005,CB,straton,2005-04-18,108
2005,CB,stratoff,2005-10-06,279
2005,CB,energy,2005-07-13,194
2005,CB,stability,2005-07-13,194
2005,CB,anoxia_summer,2005-08-22,234
2006,CB,straton,2006-04-18,108
2006,CB,stratoff,2006-10-03,276
2006,CB,energy,2006-07-12,193
2006,CB,stability,2006-07-12,193
2006,CB,anoxia_summer,2006-07-12,193
2007,CB,straton,2007-04-23,113
2007,CB,stratoff,2007-09-26,269
2007,CB,energy,2007-07-31,212
2007,CB,stability,2007-06-18,169
2007,CB,anoxia_summer,2007-06-18,169
2008,CB,straton,2008-05-06,127
2008,CB,stratoff,2008-11-06,311
2008,CB,energy,2008-07-29,211
2008,CB,stability,2008-07-02,184
2008,CB,anoxia_summer,2008-07-17,199
2009,CB,straton,2009-04-27,117
2009,CB,stratoff,2009-09-16,259
2009,CB,energy,2009-08-18,230
2009,CB,stability,2009-06-23,174
2009,CB,anoxia_summer,2009-09-16,259
2010,CB,straton,2010-04-14,104
2010,CB,stratoff,2010-10-13,286
2010,CB,energy,2010-08-04,216
2010,CB,stability,2010-07-19,200
2010,CB,anoxia_summer,2010-07-06,187
2011,CB,straton,2011-05-19,139
2011,CB,stratoff,2011-10-04,277
2011,CB,energy,2011-07-26,207
2011,CB,stability,2011-07-11,192
2011,CB,anoxia_summer,2011-06-02,153
2012,CB,straton,2012-04-04,95
2012,CB,stratoff,2012-10-17,291
2012,CB,energy,2012-07-24,206
2012,CB,stability,2012-07-24,206
2012,CB,anoxia_summer,2012-06-13,165
2013,CB,straton,2013-05-13,133
2013,CB,stratoff,2013-10-03,276
2013,CB,energy,2013-07-09,190
2013,CB,stability,2013-06-11,162
2013,CB,anoxia_summer,2013-05-31,151
2014,CB,straton,2014-05-21,141
2014,CB,stratoff,2014-09-25,268
2014,CB,energy,2014-08-26,238
2014,CB,stability,2014-07-01,182
2014,CB,anoxia_summer,2014-08-26,238
2015,CB,straton,2015-04-20,110
2015,CB,stratoff,2015-09-21,264
2015,CB,energy,2015-07-29,210
2015,CB,stability,2015-07-29,210
2015,CB,anoxia_summer,2015-07-14,195
2016,CB,straton,2016-04-22,113
2016,CB,stratoff,2016-10-25,299
2016,CB,energy,2016-08-17,230
2016,CB,stability,2016-07-21,203
2016,CB,anoxia_summer,2016-07-07,189
2017,CB,straton,2017-04-18,108
2017,CB,stratoff,2017-10-18,291
2017,CB,energy,2017-07-24,205
2017,CB,stability,2017-06-14,165
2017,CB,anoxia_summer,2017-09-20,263
2018,CB,straton,2018-05-14,134
2018,CB,stratoff,2018-10-03,276
2018,CB,energy,2018-07-09,190
2018,CB,stability,2018-07-09,190
2018,CB,anoxia_summer,2018-06-27,178
2019,CB,straton,2019-05-06,126
2019,CB,stratoff,2019-10-07,280
2019,CB,energy,2019-07-30,211
2019,CB,stability,2019-07-15,196
2019,CB,anoxia_summer,2019-07-01,182
2020,CB,straton,2020-04-30,121
2020,CB,stratoff,2020-09-07,251
2020,CB,energy,2020-07-03,185
2020,CB,stability,2020-07-03,185
2020,CB,anoxia_summer,2020-06-04,156
1982,CR,straton,1982-05-10,130
1982,CR,stratoff,1982-10-05,278
1982,CR,energy,1982-08-03,215
1982,CR,stability,1982-08-03,215
1982,CR,anoxia_summer,1982-09-22,265
1983,CR,straton,1983-05-12,132
1983,CR,stratoff,1983-10-19,292
1983,CR,energy,1983-08-16,228
1983,CR,stability,1983-08-16,228
1983,CR,anoxia_summer,1983-10-19,292
1984,CR,straton,1984-05-23,144
1984,CR,stratoff,1984-10-16,290
1984,CR,energy,1984-08-13,226
1984,CR,stability,1984-08-13,226
1984,CR,anoxia_summer,1984-09-27,271
1985,CR,straton,1985-05-01,121
1985,CR,stratoff,1985-10-22,295
1985,CR,energy,1985-08-07,219
1985,CR,stability,1985-08-22,234
1985,CR,anoxia_summer,1985-10-02,275
1986,CR,straton,1986-05-05,125
1986,CR,stratoff,1986-10-08,281
1986,CR,energy,1986-07-30,211
1986,CR,stability,1986-08-27,239
1986,CR,anoxia_summer,1986-10-08,281
1987,CR,straton,1987-04-21,111
1987,CR,stratoff,1987-10-07,280
1987,CR,energy,1987-07-29,210
1987,CR,stability,1987-09-08,251
1987,CR,anoxia_summer,1987-09-22,265
1988,CR,straton,1988-05-12,133
1988,CR,stratoff,1988-10-11,285
1988,CR,energy,1988-08-17,230
1988,CR,stability,1988-08-17,230
1988,CR,anoxia_summer,1988-09-29,273
1989,CR,straton,1989-05-17,137
1989,CR,stratoff,1989-10-31,304
1989,CR,energy,1989-07-27,208
1989,CR,stability,1989-08-24,236
1989,CR,anoxia_summer,1989-10-05,278
1990,CR,straton,1990-05-03,123
1990,CR,stratoff,1990-10-17,290
1990,CR,energy,1990-09-06,249
1990,CR,stability,1990-08-09,221
1990,CR,anoxia_summer,1990-09-19,262
1991,CR,straton,1991-05-22,142
1991,CR,stratoff,1991-10-10,283
1991,CR,energy,1991-08-29,241
1991,CR,stability,1991-06-20,171
1991,CR,anoxia_summer,1991-09-12,255
1992,CR,straton,1992-05-06,127
1992,CR,stratoff,1992-10-08,282
1992,CR,energy,1992-08-25,238
1992,CR,stability,1992-08-25,238
1992,CR,anoxia_summer,1992-09-22,266
1993,CR,straton,1993-05-19,139
1993,CR,stratoff,1993-10-20,293
1993,CR,energy,1993-08-24,236
1993,CR,stability,1993-07-28,209
1993,CR,anoxia_summer,1993-08-24,236
1994,CR,straton,1994-05-18,138
1994,CR,stratoff,1994-10-20,293
1994,CR,energy,1994-08-25,237
1994,CR,stability,1994-06-16,167
1994,CR,anoxia_summer,1994-10-06,279
1995,CR,straton,1995-05-03,123
1995,CR,stratoff,1995-10-19,292
1995,CR,energy,1995-08-23,235
1995,CR,stability,1995-08-23,235
1995,CR,anoxia_summer,1995-09-20,263
1996,CR,straton,1996-05-30,151
1996,CR,stratoff,1996-10-16,290
1996,CR,energy,1996-09-04,248
1996,CR,stability,1996-09-04,248
1996,CR,anoxia_summer,1996-09-19,263
1997,CR,straton,1997-05-07,127
1997,CR,stratoff,1997-10-20,293
1997,CR,energy,1997-08-12,224
1997,CR,stability,1997-07-28,209
1997,CR,anoxia_summer,1997-10-06,279
1998,CR,straton,1998-04-22,112
1998,CR,stratoff,1998-10-22,295
1998,CR,energy,1998-08-26,238
1998,CR,stability,1998-09-10,253
1998,CR,anoxia_summer,1998-10-07,280
1999,CR,straton,1999-05-05,125
1999,CR,stratoff,1999-10-20,293
1999,CR,energy,1999-07-29,210
1999,CR,stability,1999-09-08,251
1999,CR,anoxia_summer,1999-10-06,279
2000,CR,straton,2000-05-03,124
2000,CR,stratoff,2000-11-02,307
2000,CR,energy,2000-08-10,223
2000,CR,stability,2000-08-10,223
2000,CR,anoxia_summer,2000-09-21,265
2001,CR,straton,2001-05-03,123
2001,CR,stratoff,2001-10-17,290
2001,CR,energy,2001-08-09,221
2001,CR,stability,2001-09-06,249
2001,CR,anoxia_summer,2001-08-23,235
2002,CR,straton,2002-05-23,143
2002,CR,stratoff,2002-10-10,283
2002,CR,energy,2002-09-11,254
2002,CR,stability,2002-08-15,227
2002,CR,anoxia_summer,2002-09-25,268
2003,CR,straton,2003-05-02,122
2003,CR,stratoff,2003-10-16,289
2003,CR,energy,2003-08-21,233
2003,CR,stability,2003-08-07,219
2003,CR,anoxia_summer,2003-10-01,274
2004,CR,straton,2004-05-13,134
2004,CR,stratoff,2004-10-27,301
2004,CR,energy,2004-08-05,218
2004,CR,stability,2004-08-19,232
2004,CR,anoxia_summer,2004-08-19,232
2005,CR,straton,2005-04-19,109
2005,CR,stratoff,2005-10-18,291
2005,CR,energy,2005-08-10,222
2005,CR,stability,2005-07-28,209
2005,CR,anoxia_summer,2005-10-07,280
2006,CR,straton,2006-04-19,109
2006,CR,stratoff,2006-10-18,291
2006,CR,energy,2006-08-10,222
2006,CR,stability,2006-08-10,222
2006,CR,anoxia_summer,2006-09-20,263
2007,CR,straton,2007-04-24,114
2007,CR,stratoff,2007-10-25,298
2007,CR,energy,2007-08-01,213
2007,CR,stability,2007-07-19,200
2007,CR,anoxia_summer,2007-10-11,284
2008,CR,straton,2008-05-06,127
2008,CR,stratoff,2008-10-22,296
2008,CR,energy,2008-08-26,239
2008,CR,stability,2008-06-18,170
2008,CR,anoxia_summer,2008-10-22,296
2009,CR,straton,2009-05-15,135
2009,CR,stratoff,2009-10-15,288
2009,CR,energy,2009-09-16,259
2009,CR,stability,2009-08-05,217
2009,CR,anoxia_summer,2009-08-20,232
2010,CR,straton,2010-04-15,105
2010,CR,stratoff,2010-10-13,286
2010,CR,energy,2010-08-11,223
2010,CR,stability,2010-08-11,223
2010,CR,anoxia_summer,2010-09-30,273
2011,CR,straton,2011-05-18,138
2011,CR,stratoff,2011-10-19,292
2011,CR,energy,2011-08-24,236
2011,CR,stability,2011-08-24,236
2011,CR,anoxia_summer,2011-10-06,279
2012,CR,straton,2012-05-04,125
2012,CR,stratoff,2012-09-06,250
2012,CR,energy,2012-08-01,214
2012,CR,stability,2012-07-26,208
2012,CR,anoxia_summer,2012-08-16,229
2013,CR,straton,2013-05-31,151
2013,CR,stratoff,2013-09-06,249
2013,CR,energy,2013-09-06,249
2013,CR,stability,2013-06-11,162
2013,CR,anoxia_summer,2013-09-06,249
2014,CR,straton,2014-05-22,142
2014,CR,stratoff,2014-10-20,293
2014,CR,energy,2014-08-13,225
2014,CR,stability,2014-08-28,240
2014,CR,anoxia_summer,2014-10-07,280
2015,CR,straton,2015-04-20,110
2015,CR,stratoff,2015-10-20,293
2015,CR,energy,2015-07-27,208
2015,CR,stability,2015-08-10,222
2015,CR,anoxia_summer,2015-10-06,279
2016,CR,straton,2016-05-11,132
2016,CR,stratoff,2016-11-14,319
2016,CR,energy,2016-08-17,230
2016,CR,stability,2016-08-17,230
2016,CR,anoxia_summer,2016-10-25,299
2017,CR,straton,2017-05-03,123
2017,CR,stratoff,2017-10-16,289
2017,CR,energy,2017-07-12,193
2017,CR,stability,2017-08-08,220
2017,CR,anoxia_summer,2017-10-16,289
2018,CR,straton,2018-05-15,135
2018,CR,stratoff,2018-10-16,289
2018,CR,energy,2018-08-21,233
2018,CR,stability,2018-07-10,191
2018,CR,anoxia_summer,2018-10-03,276
2019,CR,straton,2019-05-07,127
2019,CR,stratoff,2019-10-22,295
2019,CR,energy,2019-08-12,224
2019,CR,stability,2019-07-31,212
2019,CR,anoxia_summer,2019-10-22,295
2020,CR,straton,2020-06-01,153
2020,CR,stratoff,2020-10-13,287
2020,CR,energy,2020-08-04,217
2020,CR,stability,2020-08-04,217
2020,CR,anoxia_summer,2020-10-13,287
1996,FI,straton,1996-05-02,123
1996,FI,stratoff,1996-10-14,288
1996,FI,energy,1996-09-06,250
1996,FI,stability,1996-08-21,234
1996,FI,anoxia_summer,1996-09-06,250
1997,FI,straton,1997-04-30,120
1997,FI,stratoff,1997-10-28,301
1997,FI,energy,1997-08-05,217
1997,FI,stability,1997-07-22,203
1997,FI,anoxia_summer,1997-10-02,275
1998,FI,straton,1998-04-07,97
1998,FI,stratoff,1998-10-26,299
1998,FI,energy,1998-07-22,203
1998,FI,stability,1998-08-05,217
1998,FI,anoxia_summer,1998-09-29,272
1999,FI,straton,1999-04-27,117
1999,FI,stratoff,1999-10-25,298
1999,FI,energy,1999-08-03,215
1999,FI,stability,1999-07-20,201
1999,FI,anoxia_summer,1999-08-03,215
2000,FI,straton,2000-04-26,117
2000,FI,stratoff,2000-10-23,297
2000,FI,energy,2000-08-14,227
2000,FI,stability,2000-08-02,215
2000,FI,anoxia_summer,2000-08-14,227
2001,FI,straton,2001-04-24,114
2001,FI,stratoff,2001-10-24,297
2001,FI,energy,2001-08-15,227
2001,FI,stability,2001-07-18,199
2001,FI,anoxia_summer,2001-08-15,227
2002,FI,straton,2002-04-25,115
2002,FI,stratoff,2002-10-23,296
2002,FI,energy,2002-08-14,226
2002,FI,stability,2002-07-02,183
2002,FI,anoxia_summer,2002-08-14,226
2003,FI,straton,2003-04-29,119
2003,FI,stratoff,2003-10-01,274
2003,FI,energy,2003-08-06,218
2003,FI,stability,2003-07-09,190
2003,FI,anoxia_summer,2003-08-19,231
2004,FI,straton,2004-04-16,107
2004,FI,stratoff,2004-10-08,282
2004,FI,energy,2004-07-21,203
2004,FI,stability,2004-08-05,218
2004,FI,anoxia_summer,2004-08-05,218
2005,FI,straton,2005-04-13,103
2005,FI,stratoff,2005-11-04,308
2005,FI,energy,2005-08-17,229
2005,FI,stability,2005-07-07,188
2005,FI,anoxia_summer,2005-07-22,203
2006,FI,straton,2006-04-21,111
2006,FI,stratoff,2006-10-05,278
2006,FI,energy,2006-08-10,222
2006,FI,stability,2006-07-13,194
2006,FI,anoxia_summer,2006-07-27,208
2007,FI,straton,2007-04-20,110
2007,FI,stratoff,2007-10-30,303
2007,FI,energy,2007-07-10,191
2007,FI,stability,2007-08-09,221
2007,FI,anoxia_summer,2007-07-10,191
2008,FI,straton,2008-05-02,123
2008,FI,stratoff,2008-10-10,284
2008,FI,energy,2008-08-07,220
2008,FI,stability,2008-08-07,220
2008,FI,anoxia_summer,2008-08-07,220
2009,FI,straton,2009-04-22,112
2009,FI,stratoff,2009-10-07,280
2009,FI,energy,2009-08-18,230
2009,FI,stability,2009-06-24,175
2009,FI,anoxia_summer,2009-08-18,230
2010,FI,straton,2010-04-01,91
2010,FI,stratoff,2010-10-01,274
2010,FI,energy,2010-08-06,218
2010,FI,stability,2010-08-06,218
2010,FI,anoxia_summer,2010-07-23,204
2011,FI,straton,2011-05-05,125
2011,FI,stratoff,2011-10-06,279
2011,FI,energy,2011-07-19,200
2011,FI,stability,2011-08-11,223
2011,FI,anoxia_summer,2011-07-29,210
2012,FI,straton,2012-04-19,110
2012,FI,stratoff,2012-10-10,284
2012,FI,energy,2012-07-09,191
2012,FI,stability,2012-07-09,191
2012,FI,anoxia_summer,2012-09-06,250
2013,FI,straton,2013-05-08,128
2013,FI,stratoff,2013-11-01,305
2013,FI,energy,2013-07-23,204
2013,FI,stability,2013-09-12,255
2013,FI,anoxia_summer,2013-09-12,255
2014,FI,straton,2014-05-13,133
2014,FI,stratoff,2014-10-02,275
2014,FI,energy,2014-08-07,219
2014,FI,stability,2014-07-08,189
2014,FI,anoxia_summer,2014-09-09,252
2015,FI,straton,2015-04-15,105
2015,FI,stratoff,2015-11-04,308
2015,FI,energy,2015-08-06,218
2015,FI,stability,2015-08-18,230
2015,FI,anoxia_summer,2015-08-18,230
2016,FI,straton,2016-04-29,120
2016,FI,stratoff,2016-11-07,312
2016,FI,energy,2016-08-15,228
2016,FI,stability,2016-06-06,158
2016,FI,anoxia_summer,2016-08-05,218
2017,FI,straton,2017-04-20,110
2017,FI,stratoff,2017-10-23,296
2017,FI,energy,2017-07-27,208
2017,FI,stability,2017-06-29,180
2017,FI,anoxia_summer,2017-07-27,208
2018,FI,straton,2018-04-25,115
2018,FI,stratoff,2018-11-02,306
2018,FI,energy,2018-08-20,232
2018,FI,stability,2018-07-26,207
2018,FI,anoxia_summer,2018-08-08,220
2019,FI,straton,2019-05-03,123
2019,FI,stratoff,2019-10-08,281
2019,FI,energy,2019-08-08,220
2019,FI,stability,2019-07-25,206
2019,FI,anoxia_summer,2019-08-20,232
1995,ME,straton,1995-05-23,143
1995,ME,stratoff,1995-10-11,284
1995,ME,energy,1995-08-14,226
1995,ME,stability,1995-07-18,199
1995,ME,anoxia_summer,1995-08-02,214
1996,ME,straton,1996-05-28,149
1996,ME,stratoff,1996-10-16,290
1996,ME,energy,1996-09-05,249
1996,ME,stability,1996-07-08,190
1996,ME,anoxia_summer,1996-09-05,249
1997,ME,straton,1997-05-13,133
1997,ME,stratoff,1997-10-01,274
1997,ME,energy,1997-08-06,218
1997,ME,stability,1997-08-06,218
1997,ME,anoxia_summer,1997-08-18,230
1998,ME,straton,1998-04-24,114
1998,ME,stratoff,1998-10-27,300
1998,ME,energy,1998-07-23,204
1998,ME,stability,1998-07-23,204
1998,ME,anoxia_summer,1998-08-18,230
1999,ME,straton,1999-04-26,116
1999,ME,stratoff,1999-10-07,280
1999,ME,energy,1999-08-02,214
1999,ME,stability,1999-07-06,187
1999,ME,anoxia_summer,1999-08-02,214
2000,ME,straton,2000-05-09,130
2000,ME,stratoff,2000-10-24,298
2000,ME,energy,2000-08-16,229
2000,ME,stability,2000-05-09,130
2000,ME,anoxia_summer,2000-08-16,229
2001,ME,straton,2001-05-07,127
2001,ME,stratoff,2001-09-26,269
2001,ME,energy,2001-08-13,225
2001,ME,stability,2001-08-13,225
2001,ME,anoxia_summer,2001-08-13,225
2002,ME,straton,2002-05-06,126
2002,ME,stratoff,2002-09-23,266
2002,ME,energy,2002-07-26,207
2002,ME,stability,2002-08-12,224
2002,ME,anoxia_summer,2002-08-12,224
2003,ME,straton,2003-04-28,118
2003,ME,stratoff,2003-09-29,272
2003,ME,energy,2003-08-18,230
2003,ME,stability,2003-08-04,216
2003,ME,anoxia_summer,2003-09-02,245
2004,ME,straton,2004-05-10,131
2004,ME,stratoff,2004-10-05,279
2004,ME,energy,2004-08-03,216
2004,ME,stability,2004-06-21,173
2004,ME,anoxia_summer,2004-08-03,216
2005,ME,straton,2005-05-09,129
2005,ME,stratoff,2005-09-26,269
2005,ME,energy,2005-08-15,227
2005,ME,stability,2005-09-26,269
2005,ME,anoxia_summer,2005-08-15,227
2006,ME,straton,2006-05-02,122
2006,ME,stratoff,2006-10-02,275
2006,ME,energy,2006-08-07,219
2006,ME,stability,2006-09-06,249
2006,ME,anoxia_summer,2006-08-07,219
2007,ME,straton,2007-05-14,134
2007,ME,stratoff,2007-10-29,302
2007,ME,energy,2007-08-06,218
2007,ME,stability,2007-07-23,204
2007,ME,anoxia_summer,2007-08-06,218
2008,ME,straton,2008-05-12,133
2008,ME,stratoff,2008-09-29,273
2008,ME,energy,2008-08-04,217
2008,ME,stability,2008-08-18,231
2008,ME,anoxia_summer,2008-08-04,217
2009,ME,straton,2009-05-11,131
2009,ME,stratoff,2009-09-30,273
2009,ME,energy,2009-08-19,231
2009,ME,stability,2009-09-02,245
2009,ME,anoxia_summer,2009-09-30,273
2010,ME,straton,2010-05-24,144
2010,ME,stratoff,2010-10-05,278
2010,ME,energy,2010-08-16,228
2010,ME,stability,2010-08-16,228
2010,ME,anoxia_summer,2010-08-03,215
2011,ME,straton,2011-05-17,137
2011,ME,stratoff,2011-10-03,276
2011,ME,energy,2011-08-04,216
2011,ME,stability,2011-07-25,206
2011,ME,anoxia_summer,2011-08-04,216
2012,ME,straton,2012-04-17,108
2012,ME,stratoff,2012-10-01,275
2012,ME,energy,2012-08-06,219
2012,ME,stability,2012-07-10,192
2012,ME,anoxia_summer,2012-07-23,205
2013,ME,straton,2013-05-14,134
2013,ME,stratoff,2013-09-30,273
2013,ME,energy,2013-09-04,247
2013,ME,stability,2013-07-22,203
2013,ME,anoxia_summer,2013-07-08,189
2014,ME,straton,2014-05-14,134
2014,ME,stratoff,2014-09-28,271
2014,ME,energy,2014-09-02,245
2014,ME,stability,2014-06-09,160
2014,ME,anoxia_summer,2014-07-21,202
2015,ME,straton,2015-05-01,121
2015,ME,stratoff,2015-10-07,280
2015,ME,energy,2015-08-18,230
2015,ME,stability,2015-08-03,215
2015,ME,anoxia_summer,2015-08-18,230
2016,ME,straton,2016-04-25,116
2016,ME,stratoff,2016-11-09,314
2016,ME,energy,2016-08-15,228
2016,ME,stability,2016-06-07,159
2016,ME,anoxia_summer,2016-08-01,214
2017,ME,straton,2017-04-17,107
2017,ME,stratoff,2017-10-04,277
2017,ME,energy,2017-07-24,205
2017,ME,stability,2017-08-23,235
2017,ME,anoxia_summer,2017-10-04,277
2018,ME,straton,2018-05-07,127
2018,ME,stratoff,2018-10-18,291
2018,ME,energy,2018-08-22,234
2018,ME,stability,2018-08-22,234
2018,ME,anoxia_summer,2018-07-23,204
2019,ME,straton,2019-05-12,132
2019,ME,stratoff,2019-10-04,277
2019,ME,energy,2019-08-05,217
2019,ME,stability,2019-09-04,247
2019,ME,anoxia_summer,2019-08-05,217
2020,ME,straton,2020-05-07,128
2020,ME,stratoff,2020-10-08,282
2020,ME,energy,2020-08-20,233
2020,ME,stability,2020-08-06,219
2020,ME,anoxia_summer,2020-09-02,246
1995,MO,straton,1995-05-09,129
1995,MO,stratoff,1995-09-25,268
1995,MO,energy,1995-08-14,226
1995,MO,stability,1995-08-14,226
1995,MO,anoxia_summer,1995-08-02,214
1996,MO,straton,1996-05-14,135
1996,MO,stratoff,1996-10-16,290
1996,MO,energy,1996-09-05,249
1996,MO,stability,1996-08-05,218
1996,MO,anoxia_summer,1996-09-05,249
1997,MO,straton,1997-05-28,148
1997,MO,stratoff,1997-09-30,273
1997,MO,energy,1997-07-24,205
1997,MO,stability,1997-08-18,230
1997,MO,anoxia_summer,1997-08-07,219
1998,MO,straton,1998-04-27,117
1998,MO,stratoff,1998-10-27,300
1998,MO,energy,1998-07-23,204
1998,MO,stability,1998-06-22,173
1998,MO,anoxia_summer,1998-07-23,204
1999,MO,straton,1999-04-26,116
1999,MO,stratoff,1999-09-27,270
1999,MO,energy,1999-08-02,214
1999,MO,stability,1999-08-17,229
1999,MO,anoxia_summer,1999-08-02,214
2000,MO,straton,2000-04-25,116
2000,MO,stratoff,2000-10-24,298
2000,MO,energy,2000-08-16,229
2000,MO,stability,2000-05-09,130
2000,MO,anoxia_summer,2000-08-16,229
2001,MO,straton,2001-05-09,129
2001,MO,stratoff,2001-09-26,269
2001,MO,energy,2001-08-13,225
2001,MO,stability,2001-06-18,169
2001,MO,anoxia_summer,2001-08-13,225
2002,MO,straton,2002-04-23,113
2002,MO,stratoff,2002-09-24,267
2002,MO,energy,2002-08-13,225
2002,MO,stability,2002-07-26,207
2002,MO,anoxia_summer,2002-08-13,225
2003,MO,straton,2003-04-28,118
2003,MO,stratoff,2003-09-30,273
2003,MO,energy,2003-08-18,230
2003,MO,stability,2003-09-03,246
2003,MO,anoxia_summer,2003-08-18,230
2004,MO,straton,2004-05-11,132
2004,MO,stratoff,2004-10-06,280
2004,MO,energy,2004-07-20,202
2004,MO,stability,2004-07-20,202
2004,MO,anoxia_summer,2004-08-05,218
2005,MO,straton,2005-04-18,108
2005,MO,stratoff,2005-09-27,270
2005,MO,energy,2005-08-15,227
2005,MO,stability,2005-08-15,227
2005,MO,anoxia_summer,2005-07-19,200
2006,MO,straton,2006-04-19,109
2006,MO,stratoff,2006-10-04,277
2006,MO,energy,2006-08-08,220
2006,MO,stability,2006-08-21,233
2006,MO,anoxia_summer,2006-08-08,220
2007,MO,straton,2007-05-02,122
2007,MO,stratoff,2007-10-04,277
2007,MO,energy,2007-09-04,247
2007,MO,stability,2007-07-09,190
2007,MO,anoxia_summer,2007-08-07,219
2008,MO,straton,2008-04-30,121
2008,MO,stratoff,2008-10-31,305
2008,MO,energy,2008-08-05,218
2008,MO,stability,2008-09-05,249
2008,MO,anoxia_summer,2008-08-05,218
2009,MO,straton,2009-04-17,107
2009,MO,stratoff,2009-09-30,273
2009,MO,energy,2009-08-20,232
2009,MO,stability,2009-08-20,232
2009,MO,anoxia_summer,2009-09-30,273
2010,MO,straton,2010-04-12,102
2010,MO,stratoff,2010-10-08,281
2010,MO,energy,2010-08-04,216
2010,MO,stability,2010-07-20,201
2010,MO,anoxia_summer,2010-08-16,228
2011,MO,straton,2011-06-01,152
2011,MO,stratoff,2011-10-04,277
2011,MO,energy,2011-08-09,221
2011,MO,stability,2011-08-09,221
2011,MO,anoxia_summer,2011-07-26,207
2012,MO,straton,2012-05-03,124
2012,MO,stratoff,2012-10-02,276
2012,MO,energy,2012-07-11,193
2012,MO,stability,2012-07-11,193
2012,MO,anoxia_summer,2012-07-11,193
2013,MO,straton,2013-05-08,128
2013,MO,stratoff,2013-10-01,274
2013,MO,energy,2013-07-22,203
2013,MO,stability,2013-07-22,203
2013,MO,anoxia_summer,2013-07-08,189
2014,MO,straton,2014-05-15,135
2014,MO,stratoff,2014-10-01,274
2014,MO,energy,2014-08-20,232
2014,MO,stability,2014-08-20,232
2014,MO,anoxia_summer,2014-10-01,274
2015,MO,straton,2015-05-01,121
2015,MO,stratoff,2015-10-07,280
2015,MO,energy,2015-08-04,216
2015,MO,stability,2015-08-21,233
2015,MO,anoxia_summer,2015-07-22,203
2016,MO,straton,2016-04-26,117
2016,MO,stratoff,2016-11-10,315
2016,MO,energy,2016-08-16,229
2016,MO,stability,2016-08-31,244
2016,MO,anoxia_summer,2016-08-02,215
2017,MO,straton,2017-04-19,109
2017,MO,stratoff,2017-10-05,278
2017,MO,energy,2017-07-25,206
2017,MO,stability,2017-08-23,235
2017,MO,anoxia_summer,2017-07-25,206
2018,MO,straton,2018-05-15,135
2018,MO,stratoff,2018-10-08,281
2018,MO,energy,2018-09-06,249
2018,MO,stability,2018-08-21,233
2018,MO,anoxia_summer,2018-07-10,191
2019,MO,straton,2019-05-14,134
2019,MO,stratoff,2019-10-07,280
2019,MO,energy,2019-08-06,218
2019,MO,stability,2019-07-23,204
2019,MO,anoxia_summer,2019-08-06,218
2020,MO,straton,2020-05-12,133
2020,MO,stratoff,2020-11-05,310
2020,MO,energy,2020-07-09,191
2020,MO,stability,2020-07-09,191
2020,MO,anoxia_summer,2020-07-09,191
1982,SP,straton,1982-05-12,132
1982,SP,stratoff,1982-10-19,292
1982,SP,energy,1982-07-20,201
1982,SP,stability,1982-08-02,214
1982,SP,anoxia_summer,1982-09-20,263
1983,SP,straton,1983-05-11,131
1983,SP,stratoff,1983-11-02,306
1983,SP,energy,1983-09-06,249
1983,SP,stability,1983-09-06,249
1983,SP,anoxia_summer,1983-09-06,249
1984,SP,straton,1984-05-21,142
1984,SP,stratoff,1984-10-17,291
1984,SP,energy,1984-08-16,229
1984,SP,stability,1984-08-16,229
1984,SP,anoxia_summer,1984-10-17,291
1985,SP,straton,1985-05-15,135
1985,SP,stratoff,1985-10-23,296
1985,SP,energy,1985-08-05,217
1985,SP,stability,1985-07-22,203
1985,SP,anoxia_summer,1985-09-30,273
1986,SP,straton,1986-05-07,127
1986,SP,stratoff,1986-10-21,294
1986,SP,energy,1986-07-29,210
1986,SP,stability,1986-08-25,237
1986,SP,anoxia_summer,1986-10-07,280
1987,SP,straton,1987-04-20,110
1987,SP,stratoff,1987-10-20,293
1987,SP,energy,1987-07-29,210
1987,SP,stability,1987-08-26,238
1987,SP,anoxia_summer,1987-09-08,251
1988,SP,straton,1988-05-09,130
1988,SP,stratoff,1988-10-24,298
1988,SP,energy,1988-08-16,229
1988,SP,stability,1988-08-16,229
1988,SP,anoxia_summer,1988-09-27,271
1989,SP,straton,1989-05-17,137
1989,SP,stratoff,1989-11-01,305
1989,SP,energy,1989-07-24,205
1989,SP,stability,1989-08-21,233
1989,SP,anoxia_summer,1989-10-02,275
1990,SP,straton,1990-04-30,120
1990,SP,stratoff,1990-10-16,289
1990,SP,energy,1990-09-04,247
1990,SP,stability,1990-08-21,233
1990,SP,anoxia_summer,1990-09-04,247
1991,SP,straton,1991-05-22,142
1991,SP,stratoff,1991-10-07,280
1991,SP,energy,1991-08-28,240
1991,SP,stability,1991-07-01,182
1991,SP,anoxia_summer,1991-09-09,252
1992,SP,straton,1992-05-19,140
1992,SP,stratoff,1992-10-20,294
1992,SP,energy,1992-08-24,237
1992,SP,stability,1992-08-24,237
1992,SP,anoxia_summer,1992-09-24,268
1993,SP,straton,1993-05-18,138
1993,SP,stratoff,1993-10-18,291
1993,SP,energy,1993-08-23,235
1993,SP,stability,1993-08-11,223
1993,SP,anoxia_summer,1993-09-08,251
1994,SP,straton,1994-05-16,136
1994,SP,stratoff,1994-11-01,305
1994,SP,energy,1994-09-21,264
1994,SP,stability,1994-08-09,221
1994,SP,anoxia_summer,1994-10-03,276
1995,SP,straton,1995-05-15,135
1995,SP,stratoff,1995-10-31,304
1995,SP,energy,1995-08-07,219
1995,SP,stability,1995-08-07,219
1995,SP,anoxia_summer,1995-09-19,262
1996,SP,straton,1996-05-29,150
1996,SP,stratoff,1996-10-15,289
1996,SP,energy,1996-09-05,249
1996,SP,stability,1996-07-25,207
1996,SP,anoxia_summer,1996-09-30,274
1997,SP,straton,1997-05-21,141
1997,SP,stratoff,1997-10-24,297
1997,SP,energy,1997-07-29,210
1997,SP,stability,1997-07-29,210
1997,SP,anoxia_summer,1997-08-13,225
1998,SP,straton,1998-05-05,125
1998,SP,stratoff,1998-10-20,293
1998,SP,energy,1998-08-26,238
1998,SP,stability,1998-08-12,224
1998,SP,anoxia_summer,1998-09-24,267
1999,SP,straton,1999-05-04,124
1999,SP,stratoff,1999-10-19,292
1999,SP,energy,1999-07-28,209
1999,SP,stability,1999-08-10,222
1999,SP,anoxia_summer,1999-08-23,235
2000,SP,straton,2000-05-02,123
2000,SP,stratoff,2000-11-01,306
2000,SP,energy,2000-08-08,221
2000,SP,stability,2000-09-06,250
2000,SP,anoxia_summer,2000-09-06,250
2001,SP,straton,2001-04-30,120
2001,SP,stratoff,2001-10-29,302
2001,SP,energy,2001-08-06,218
2001,SP,stability,2001-09-04,247
2001,SP,anoxia_summer,2001-09-18,261
2002,SP,straton,2002-05-22,142
2002,SP,stratoff,2002-10-24,297
2002,SP,energy,2002-07-30,211
2002,SP,stability,2002-07-30,211
2002,SP,anoxia_summer,2002-09-26,269
2003,SP,straton,2003-05-14,134
2003,SP,stratoff,2003-10-28,301
2003,SP,energy,2003-08-20,232
2003,SP,stability,2003-08-20,232
2003,SP,anoxia_summer,2003-10-01,274
2004,SP,straton,2004-05-10,131
2004,SP,stratoff,2004-10-25,299
2004,SP,energy,2004-08-02,215
2004,SP,stability,2004-08-02,215
2004,SP,anoxia_summer,2004-08-16,229
2005,SP,straton,2005-04-20,110
2005,SP,stratoff,2005-10-17,290
2005,SP,energy,2005-08-09,221
2005,SP,stability,2005-08-22,234
2005,SP,anoxia_summer,2005-09-19,262
2006,SP,straton,2006-05-02,122
2006,SP,stratoff,2006-10-19,292
2006,SP,energy,2006-08-09,221
2006,SP,stability,2006-07-26,207
2006,SP,anoxia_summer,2006-09-21,264
2007,SP,straton,2007-04-24,114
2007,SP,stratoff,2007-10-23,296
2007,SP,energy,2007-08-13,225
2007,SP,stability,2007-09-11,254
2007,SP,anoxia_summer,2007-10-10,283
2008,SP,straton,2008-05-13,134
2008,SP,stratoff,2008-10-20,294
2008,SP,energy,2008-08-25,238
2008,SP,stability,2008-08-25,238
2008,SP,anoxia_summer,2008-09-08,252
2009,SP,straton,2009-05-13,133
2009,SP,stratoff,2009-10-29,302
2009,SP,energy,2009-08-19,231
2009,SP,stability,2009-09-03,246
2009,SP,anoxia_summer,2009-10-01,274
2010,SP,straton,2010-04-27,117
2010,SP,stratoff,2010-10-26,299
2010,SP,energy,2010-08-03,215
2010,SP,stability,2010-08-03,215
2010,SP,anoxia_summer,2010-09-28,271
2011,SP,straton,2011-05-16,136
2011,SP,stratoff,2011-10-31,304
2011,SP,energy,2011-08-08,220
2011,SP,stability,2011-08-22,234
2011,SP,anoxia_summer,2011-10-04,277
2012,SP,straton,2012-05-02,123
2012,SP,stratoff,2012-10-04,278
2012,SP,energy,2012-07-25,207
2012,SP,stability,2012-08-09,222
2012,SP,anoxia_summer,2012-10-04,278
2013,SP,straton,2013-05-16,136
2013,SP,stratoff,2013-10-29,302
2013,SP,energy,2013-09-04,247
2013,SP,stability,2013-07-23,204
2013,SP,anoxia_summer,2013-10-15,288
2014,SP,straton,2014-05-19,139
2014,SP,stratoff,2014-10-21,294
2014,SP,energy,2014-08-25,237
2014,SP,stability,2014-08-25,237
2014,SP,anoxia_summer,2014-06-03,154
2015,SP,straton,2015-05-05,125
2015,SP,stratoff,2015-10-21,294
2015,SP,energy,2015-07-28,209
2015,SP,stability,2015-08-11,223
2015,SP,anoxia_summer,2015-10-07,280
2016,SP,straton,2016-05-10,131
2016,SP,stratoff,2016-11-16,321
2016,SP,energy,2016-08-18,231
2016,SP,stability,2016-07-06,188
2016,SP,anoxia_summer,2016-09-28,272
2017,SP,straton,2017-05-17,137
2017,SP,stratoff,2017-10-17,290
2017,SP,energy,2017-08-09,221
2017,SP,stability,2017-08-21,233
2017,SP,anoxia_summer,2017-10-17,290
2018,SP,straton,2018-05-15,135
2018,SP,stratoff,2018-10-15,288
2018,SP,energy,2018-08-22,234
2018,SP,stability,2018-07-11,192
2018,SP,anoxia_summer,2018-10-15,288
2019,SP,straton,2019-05-08,128
2019,SP,stratoff,2019-10-23,296
2019,SP,energy,2019-08-13,225
2019,SP,stability,2019-07-30,211
2019,SP,anoxia_summer,2019-10-07,280
2020,SP,straton,2020-06-02,154
2020,SP,stratoff,2020-10-13,287
2020,SP,energy,2020-08-03,216
2020,SP,stability,2020-07-03,185
2020,SP,anoxia_summer,2020-10-13,287
1982,TB,straton,1982-05-12,132
1982,TB,stratoff,1982-10-18,291
1982,TB,energy,1982-07-07,188
1982,TB,stability,1982-07-22,203
1982,TB,anoxia_summer,1982-07-07,188
1983,TB,straton,1983-05-09,129
1983,TB,stratoff,1983-10-19,292
1983,TB,energy,1983-08-03,215
1983,TB,stability,1983-07-19,200
1983,TB,anoxia_summer,1983-06-23,174
1984,TB,straton,1984-05-08,129
1984,TB,stratoff,1984-10-17,291
1984,TB,energy,1984-08-15,228
1984,TB,stability,1984-07-02,184
1984,TB,anoxia_summer,1984-08-15,228
1985,TB,straton,1985-04-29,119
1985,TB,stratoff,1985-10-23,296
1985,TB,energy,1985-08-06,218
1985,TB,stability,1985-08-06,218
1985,TB,anoxia_summer,1985-08-21,233
1986,TB,straton,1986-04-21,111
1986,TB,stratoff,1986-10-23,296
1986,TB,energy,1986-07-29,210
1986,TB,stability,1986-07-01,182
1986,TB,anoxia_summer,1986-07-29,210
1987,TB,straton,1987-04-30,120
1987,TB,stratoff,1987-10-19,292
1987,TB,energy,1987-07-28,209
1987,TB,stability,1987-06-22,173
1987,TB,anoxia_summer,1987-05-18,138
1988,TB,straton,1988-05-10,131
1988,TB,stratoff,1988-10-11,285
1988,TB,energy,1988-08-16,229
1988,TB,stability,1988-06-20,172
1988,TB,anoxia_summer,1988-07-04,186
1989,TB,straton,1989-05-03,123
1989,TB,stratoff,1989-10-30,303
1989,TB,energy,1989-07-24,205
1989,TB,stability,1989-07-24,205
1989,TB,anoxia_summer,1989-08-08,220
1990,TB,straton,1990-05-01,121
1990,TB,stratoff,1990-10-16,289
1990,TB,energy,1990-09-06,249
1990,TB,stability,1990-06-27,178
1990,TB,anoxia_summer,1990-09-06,249
1991,TB,straton,1991-05-23,143
1991,TB,stratoff,1991-10-28,301
1991,TB,energy,1991-08-12,224
1991,TB,stability,1991-08-12,224
1991,TB,anoxia_summer,1991-06-18,169
1992,TB,straton,1992-05-04,125
1992,TB,stratoff,1992-10-05,279
1992,TB,energy,1992-08-10,223
1992,TB,stability,1992-06-01,153
1992,TB,anoxia_summer,1992-08-10,223
1993,TB,straton,1993-05-03,123
1993,TB,stratoff,1993-10-19,292
1993,TB,energy,1993-08-23,235
1993,TB,stability,1993-07-26,207
1993,TB,anoxia_summer,1993-07-26,207
1994,TB,straton,1994-05-03,123
1994,TB,stratoff,1994-11-01,305
1994,TB,energy,1994-09-20,263
1994,TB,stability,1994-05-19,139
1994,TB,anoxia_summer,1994-06-02,153
1995,TB,straton,1995-05-01,121
1995,TB,stratoff,1995-10-17,290
1995,TB,energy,1995-08-08,220
1995,TB,stability,1995-06-01,152
1995,TB,anoxia_summer,1995-08-08,220
1996,TB,straton,1996-05-31,152
1996,TB,stratoff,1996-10-17,291
1996,TB,energy,1996-09-04,248
1996,TB,stability,1996-05-31,152
1996,TB,anoxia_summer,1996-05-31,152
1997,TB,straton,1997-05-05,125
1997,TB,stratoff,1997-10-21,294
1997,TB,energy,1997-08-11,223
1997,TB,stability,1997-06-04,155
1997,TB,anoxia_summer,1997-07-28,209
1998,TB,straton,1998-04-21,111
1998,TB,stratoff,1998-10-19,292
1998,TB,energy,1998-08-10,222
1998,TB,stability,1998-06-17,168
1998,TB,anoxia_summer,1998-05-20,140
1999,TB,straton,1999-05-06,126
1999,TB,stratoff,1999-10-06,279
1999,TB,energy,1999-07-26,207
1999,TB,stability,1999-07-26,207
1999,TB,anoxia_summer,1999-09-10,253
2000,TB,straton,2000-05-03,124
2000,TB,stratoff,2000-10-30,304
2000,TB,energy,2000-08-23,236
2000,TB,stability,2000-05-03,124
2000,TB,anoxia_summer,2000-08-09,222
2001,TB,straton,2001-05-01,121
2001,TB,stratoff,2001-11-16,320
2001,TB,energy,2001-08-07,219
2001,TB,stability,2001-06-25,176
2001,TB,anoxia_summer,2001-05-01,121
2002,TB,straton,2002-05-07,127
2002,TB,stratoff,2002-10-07,280
2002,TB,energy,2002-07-31,212
2002,TB,stability,2002-07-01,182
2002,TB,anoxia_summer,2002-08-12,224
2003,TB,straton,2003-05-05,125
2003,TB,stratoff,2003-10-14,287
2003,TB,energy,2003-08-20,232
2003,TB,stability,2003-08-20,232
2003,TB,anoxia_summer,2003-07-10,191
2004,TB,straton,2004-05-13,134
2004,TB,stratoff,2004-10-26,300
2004,TB,energy,2004-08-03,216
2004,TB,stability,2004-08-03,216
2004,TB,anoxia_summer,2004-07-19,201
2005,TB,straton,2005-04-18,108
2005,TB,stratoff,2005-10-19,292
2005,TB,energy,2005-07-25,206
2005,TB,stability,2005-06-01,152
2005,TB,anoxia_summer,2005-07-25,206
2006,TB,straton,2006-04-18,108
2006,TB,stratoff,2006-10-02,275
2006,TB,energy,2006-08-08,220
2006,TB,stability,2006-06-01,152
2006,TB,anoxia_summer,2006-07-24,205
2007,TB,straton,2007-04-25,115
2007,TB,stratoff,2007-10-24,297
2007,TB,energy,2007-08-02,214
2007,TB,stability,2007-08-02,214
2007,TB,anoxia_summer,2007-06-18,169
2008,TB,straton,2008-05-08,129
2008,TB,stratoff,2008-10-21,295
2008,TB,energy,2008-07-28,210
2008,TB,stability,2008-06-30,182
2008,TB,anoxia_summer,2008-07-16,198
2009,TB,straton,2009-04-28,118
2009,TB,stratoff,2009-10-12,285
2009,TB,energy,2009-09-15,258
2009,TB,stability,2009-06-22,173
2009,TB,anoxia_summer,2009-09-15,258
2010,TB,straton,2010-04-13,103
2010,TB,stratoff,2010-10-26,299
2010,TB,energy,2010-09-01,244
2010,TB,stability,2010-05-25,145
2010,TB,anoxia_summer,2010-07-22,203
2011,TB,straton,2011-05-18,138
2011,TB,stratoff,2011-10-18,291
2011,TB,energy,2011-09-09,252
2011,TB,stability,2011-07-25,206
2011,TB,anoxia_summer,2011-07-13,194
2012,TB,straton,2012-04-02,93
2012,TB,stratoff,2012-10-16,290
2012,TB,energy,2012-07-23,205
2012,TB,stability,2012-07-23,205
2012,TB,anoxia_summer,2012-08-09,222
2013,TB,straton,2013-05-13,133
2013,TB,stratoff,2013-10-15,288
2013,TB,energy,2013-08-06,218
2013,TB,stability,2013-06-25,176
2013,TB,anoxia_summer,2013-07-23,204
2014,TB,straton,2014-05-21,141
2014,TB,stratoff,2014-10-20,293
2014,TB,energy,2014-08-25,237
2014,TB,stability,2014-06-16,167
2014,TB,anoxia_summer,2014-06-30,181
2015,TB,straton,2015-04-21,111
2015,TB,stratoff,2015-10-20,293
2015,TB,energy,2015-07-28,209
2015,TB,stability,2015-06-03,154
2015,TB,anoxia_summer,2015-07-28,209
2016,TB,straton,2016-04-22,113
2016,TB,stratoff,2016-10-26,300
2016,TB,energy,2016-08-16,229
2016,TB,stability,2016-05-24,145
2016,TB,anoxia_summer,2016-06-07,159
2017,TB,straton,2017-04-19,109
2017,TB,stratoff,2017-10-18,291
2017,TB,energy,2017-08-07,219
2017,TB,stability,2017-06-15,166
2017,TB,anoxia_summer,2017-07-10,191
2018,TB,straton,2018-05-16,136
2018,TB,stratoff,2018-10-01,274
2018,TB,energy,2018-08-21,233
2018,TB,stability,2018-05-16,136
2018,TB,anoxia_summer,2018-08-21,233
2019,TB,straton,2019-05-06,126
2019,TB,stratoff,2019-10-08,281
2019,TB,energy,2019-07-29,210
2019,TB,stability,2019-06-04,155
2019,TB,anoxia_summer,2019-06-19,170
2020,TB,straton,2020-04-30,121
2020,TB,stratoff,2020-10-12,286
2020,TB,energy,2020-07-01,183
2020,TB,stability,2020-07-01,183
2020,TB,anoxia_summer,2020-07-01,183
1982,TR,straton,1982-05-26,146
1982,TR,stratoff,1982-10-21,294
1982,TR,energy,1982-07-19,200
1982,TR,stability,1982-08-03,215
1982,TR,anoxia_summer,1982-09-27,270
1983,TR,straton,1983-05-24,144
1983,TR,stratoff,1983-10-18,291
1983,TR,energy,1983-08-03,215
1983,TR,stability,1983-09-08,251
1983,TR,anoxia_summer,1983-09-08,251
1984,TR,straton,1984-05-22,143
1984,TR,stratoff,1984-10-16,290
1984,TR,energy,1984-08-15,228
1984,TR,stability,1984-07-16,198
1984,TR,anoxia_summer,1984-09-04,248
1985,TR,straton,1985-05-13,133
1985,TR,stratoff,1985-10-21,294
1985,TR,energy,1985-08-06,218
1985,TR,stability,1985-08-20,232
1985,TR,anoxia_summer,1985-09-12,255
1986,TR,straton,1986-05-07,127
1986,TR,stratoff,1986-10-20,293
1986,TR,energy,1986-07-28,209
1986,TR,stability,1986-07-28,209
1986,TR,anoxia_summer,1986-08-29,241
1987,TR,straton,1987-05-19,139
1987,TR,stratoff,1987-10-19,292
1987,TR,energy,1987-07-27,208
1987,TR,stability,1987-08-25,237
1987,TR,anoxia_summer,1987-09-22,265
1988,TR,straton,1988-05-10,131
1988,TR,stratoff,1988-10-12,286
1988,TR,energy,1988-08-15,228
1988,TR,stability,1988-08-29,242
1988,TR,anoxia_summer,1988-09-26,270
1989,TR,straton,1989-05-15,135
1989,TR,stratoff,1989-11-02,306
1989,TR,energy,1989-07-26,207
1989,TR,stability,1989-07-11,192
1989,TR,anoxia_summer,1989-10-17,290
1990,TR,straton,1990-05-14,134
1990,TR,stratoff,1990-10-15,288
1990,TR,energy,1990-07-23,204
1990,TR,stability,1990-08-07,219
1990,TR,anoxia_summer,1990-09-18,261
1991,TR,straton,1991-05-20,140
1991,TR,stratoff,1991-10-09,282
1991,TR,energy,1991-08-28,240
1991,TR,stability,1991-07-03,184
1991,TR,anoxia_summer,1991-09-27,270
1992,TR,straton,1992-05-19,140
1992,TR,stratoff,1992-10-19,293
1992,TR,energy,1992-08-24,237
1992,TR,stability,1992-08-24,237
1992,TR,anoxia_summer,1992-09-21,265
1993,TR,straton,1993-05-17,137
1993,TR,stratoff,1993-10-18,291
1993,TR,energy,1993-08-25,237
1993,TR,stability,1993-08-10,222
1993,TR,anoxia_summer,1993-09-20,263
1994,TR,straton,1994-05-18,138
1994,TR,stratoff,1994-10-31,304
1994,TR,energy,1994-07-26,207
1994,TR,stability,1994-08-08,220
1994,TR,anoxia_summer,1994-10-04,277
1995,TR,straton,1995-05-18,138
1995,TR,stratoff,1995-10-18,291
1995,TR,energy,1995-08-09,221
1995,TR,stability,1995-08-24,236
1995,TR,anoxia_summer,1995-09-21,264
1996,TR,straton,1996-05-31,152
1996,TR,stratoff,1996-10-15,289
1996,TR,energy,1996-09-06,250
1996,TR,stability,1996-07-09,191
1996,TR,anoxia_summer,1996-09-16,260
1997,TR,straton,1997-05-23,143
1997,TR,stratoff,1997-10-23,296
1997,TR,energy,1997-08-12,224
1997,TR,stability,1997-08-12,224
1997,TR,anoxia_summer,1997-09-23,266
1998,TR,straton,1998-04-21,111
1998,TR,stratoff,1998-10-21,294
1998,TR,energy,1998-08-13,225
1998,TR,stability,1998-07-29,210
1998,TR,anoxia_summer,1998-09-23,266
1999,TR,straton,1999-05-17,137
1999,TR,stratoff,1999-10-18,291
1999,TR,energy,1999-07-27,208
1999,TR,stability,1999-09-08,251
1999,TR,anoxia_summer,1999-09-21,264
2000,TR,straton,2000-05-01,122
2000,TR,stratoff,2000-10-31,305
2000,TR,energy,2000-08-22,235
2000,TR,stability,2000-09-19,263
2000,TR,anoxia_summer,2000-09-05,249
2001,TR,straton,2001-05-17,137
2001,TR,stratoff,2001-10-18,291
2001,TR,energy,2001-08-08,220
2001,TR,stability,2001-09-07,250
2001,TR,anoxia_summer,2001-10-03,276
2002,TR,straton,2002-06-05,156
2002,TR,stratoff,2002-10-08,281
2002,TR,energy,2002-07-29,210
2002,TR,stability,2002-07-02,183
2002,TR,anoxia_summer,2002-09-25,268
2003,TR,straton,2003-05-29,149
2003,TR,stratoff,2003-10-27,300
2003,TR,energy,2003-08-19,231
2003,TR,stability,2003-08-19,231
2003,TR,anoxia_summer,2003-09-30,273
2004,TR,straton,2004-05-14,135
2004,TR,stratoff,2004-10-28,302
2004,TR,energy,2004-08-04,217
2004,TR,stability,2004-08-19,232
2004,TR,anoxia_summer,2004-08-19,232
2005,TR,straton,2005-05-17,137
2005,TR,stratoff,2005-10-18,291
2005,TR,energy,2005-08-11,223
2005,TR,stability,2005-07-27,208
2005,TR,anoxia_summer,2005-10-07,280
2006,TR,straton,2006-05-17,137
2006,TR,stratoff,2006-10-17,290
2006,TR,energy,2006-08-08,220
2006,TR,stability,2006-07-24,205
2006,TR,anoxia_summer,2006-09-20,263
2007,TR,straton,2007-05-23,143
2007,TR,stratoff,2007-10-24,297
2007,TR,energy,2007-07-31,212
2007,TR,stability,2007-09-12,255
2007,TR,anoxia_summer,2007-10-11,284
2008,TR,straton,2008-05-22,143
2008,TR,stratoff,2008-10-23,297
2008,TR,energy,2008-07-31,213
2008,TR,stability,2008-08-27,240
2008,TR,anoxia_summer,2008-09-10,254
2009,TR,straton,2009-05-11,131
2009,TR,stratoff,2009-10-13,286
2009,TR,energy,2009-08-18,230
2009,TR,stability,2009-08-03,215
2009,TR,anoxia_summer,2009-08-18,230
2010,TR,straton,2010-04-28,118
2010,TR,stratoff,2010-10-25,298
2010,TR,energy,2010-08-04,216
2010,TR,stability,2010-09-02,245
2010,TR,anoxia_summer,2010-09-13,256
2011,TR,straton,2011-05-19,139
2011,TR,stratoff,2011-11-02,306
2011,TR,energy,2011-07-28,209
2011,TR,stability,2011-08-25,237
2011,TR,anoxia_summer,2011-10-05,278
2012,TR,straton,2012-05-01,122
2012,TR,stratoff,2012-10-16,290
2012,TR,energy,2012-07-24,206
2012,TR,stability,2012-08-21,234
2012,TR,anoxia_summer,2012-10-02,276
2013,TR,straton,2013-05-30,150
2013,TR,stratoff,2013-10-30,303
2013,TR,energy,2013-09-05,248
2013,TR,stability,2013-07-24,205
2013,TR,anoxia_summer,2013-10-14,287
2014,TR,straton,2014-06-19,170
2014,TR,stratoff,2014-10-23,296
2014,TR,energy,2014-08-27,239
2014,TR,stability,2014-07-16,197
2014,TR,anoxia_summer,2014-09-23,266
2015,TR,straton,2015-05-07,127
2015,TR,stratoff,2015-10-22,295
2015,TR,energy,2015-08-13,225
2015,TR,stability,2015-07-30,211
2015,TR,anoxia_summer,2015-10-08,281
2016,TR,straton,2016-05-12,133
2016,TR,stratoff,2016-11-15,320
2016,TR,energy,2016-08-19,232
2016,TR,stability,2016-07-22,204
2016,TR,anoxia_summer,2016-09-29,273
2017,TR,straton,2017-05-19,139
2017,TR,stratoff,2017-10-19,292
2017,TR,energy,2017-08-10,222
2017,TR,stability,2017-08-24,236
2017,TR,anoxia_summer,2017-10-05,278
2018,TR,straton,2018-06-01,152
2018,TR,stratoff,2018-10-18,291
2018,TR,energy,2018-08-09,221
2018,TR,stability,2018-07-12,193
2018,TR,anoxia_summer,2018-09-20,263
2019,TR,straton,2019-05-23,143
2019,TR,stratoff,2019-10-24,297
2019,TR,energy,2019-07-18,199
2019,TR,stability,2019-08-01,213
2019,TR,anoxia_summer,2019-10-10,283
2020,TR,straton,2020-06-05,157
2020,TR,stratoff,2020-10-16,290
2020,TR,energy,2020-07-06,188
2020,TR,stability,2020-09-10,254
2020,TR,anoxia_summer,2020-10-16,290
1996,WI,straton,1996-05-30,151
1996,WI,stratoff,1996-10-15,289
1996,WI,energy,1996-08-07,220
1996,WI,stability,1996-08-07,220
1996,WI,anoxia_summer,1996-07-10,192
1997,WI,straton,1997-06-12,163
1997,WI,stratoff,1997-07-25,206
1997,WI,energy,1997-06-24,175
1997,WI,stability,1997-06-24,175
1997,WI,anoxia_summer,1997-06-24,175
1998,WI,straton,1998-04-23,113
1998,WI,stratoff,1998-08-31,243
1998,WI,energy,1998-06-24,175
1998,WI,stability,1998-06-24,175
1998,WI,anoxia_summer,1998-06-10,161
1999,WI,straton,1999-04-13,103
1999,WI,stratoff,1999-06-22,173
1999,WI,energy,1999-08-03,215
1999,WI,stability,1999-06-08,159
1999,WI,anoxia_summer,1999-06-08,159
2000,WI,straton,2000-05-24,145
2000,WI,stratoff,2000-08-29,242
2000,WI,energy,2000-08-14,227
2000,WI,stability,2000-06-20,172
2000,WI,anoxia_summer,2000-08-01,214
2001,WI,straton,2001-07-03,184
2001,WI,stratoff,2001-08-28,240
2001,WI,energy,2001-08-01,213
2001,WI,stability,2001-08-01,213
2001,WI,anoxia_summer,2001-07-16,197
2002,WI,straton,2002-05-07,127
2002,WI,stratoff,2002-09-26,269
2002,WI,energy,2002-07-18,199
2002,WI,stability,2002-07-03,184
2002,WI,anoxia_summer,2002-07-03,184
2003,WI,straton,2003-06-25,176
2003,WI,stratoff,2003-08-22,234
2003,WI,energy,2003-08-22,234
2003,WI,stability,2003-06-25,176
2003,WI,anoxia_summer,2003-08-22,234
2004,WI,straton,2004-05-13,134
2004,WI,stratoff,2004-07-22,204
2004,WI,energy,2004-07-22,204
2004,WI,stability,2004-05-13,134
2004,WI,anoxia_summer,2004-06-24,176
2005,WI,straton,2005-05-25,145
2005,WI,stratoff,2005-06-22,173
2005,WI,energy,2005-08-04,216
2005,WI,stability,2005-06-22,173
2005,WI,anoxia_summer,2005-06-08,159
2006,WI,straton,2006-05-17,137
2006,WI,stratoff,2006-09-14,257
2006,WI,energy,2006-08-09,221
2006,WI,stability,2006-06-01,152
2006,WI,anoxia_summer,2006-08-09,221
2007,WI,straton,2007-05-30,150
2007,WI,stratoff,2007-09-05,248
2007,WI,energy,2007-07-11,192
2007,WI,stability,2007-06-13,164
2007,WI,anoxia_summer,2007-07-11,192
2008,WI,straton,2008-06-11,163
2008,WI,stratoff,2008-07-22,204
2008,WI,energy,2008-07-22,204
2008,WI,stability,2008-07-22,204
2008,WI,anoxia_summer,2008-07-09,191
2009,WI,straton,2009-06-11,162
2009,WI,stratoff,2009-07-21,202
2009,WI,energy,2009-06-22,173
2009,WI,stability,2009-06-22,173
2009,WI,anoxia_summer,2009-06-22,173
2010,WI,straton,2010-05-26,146
2010,WI,stratoff,2010-08-31,243
2010,WI,energy,2010-07-21,202
2010,WI,stability,2010-05-26,146
2010,WI,anoxia_summer,2010-07-07,188
2011,WI,straton,2011-10-05,278
2011,WI,stratoff,2011-10-05,278
2011,WI,energy,2011-07-26,207
2011,WI,stability,2011-10-05,278
2011,WI,anoxia_summer,2011-10-05,278
2012,WI,straton,2012-05-03,124
2012,WI,stratoff,2012-08-24,237
2012,WI,energy,2012-07-12,194
2012,WI,stability,2012-05-03,124
2012,WI,anoxia_summer,2012-08-08,221
2013,WI,straton,2013-05-15,135
2013,WI,stratoff,2013-08-19,231
2013,WI,energy,2013-07-22,203
2013,WI,stability,2013-07-22,203
2013,WI,anoxia_summer,2013-07-22,203
2014,WI,straton,2014-06-03,154
2014,WI,stratoff,2014-09-08,251
2014,WI,energy,2014-06-24,175
2014,WI,stability,2014-06-24,175
2014,WI,anoxia_summer,2014-09-08,251
2015,WI,straton,2015-04-17,107
2015,WI,stratoff,2015-09-08,251
2015,WI,energy,2015-08-17,229
2015,WI,stability,2015-09-08,251
2015,WI,anoxia_summer,2015-09-08,251
2016,WI,straton,2016-05-25,146
2016,WI,stratoff,2016-09-08,252
2016,WI,energy,2016-08-17,230
2016,WI,stability,2016-05-25,146
2016,WI,anoxia_summer,2016-09-08,252
2017,WI,straton,2017-05-04,124
2017,WI,stratoff,2017-08-21,233
2017,WI,energy,2017-06-14,165
2017,WI,stability,2017-07-12,193
2017,WI,anoxia_summer,2017-07-26,207
2018,WI,straton,2018-04-26,116
2018,WI,stratoff,2018-08-21,233
2018,WI,energy,2018-07-13,194
2018,WI,stability,2018-05-31,151
2018,WI,anoxia_summer,2018-08-21,233
2019,WI,straton,2019-05-15,135
2019,WI,stratoff,2019-08-07,219
2019,WI,energy,2019-07-11,192
2019,WI,stability,2019-07-11,192
2019,WI,anoxia_summer,2019-08-07,219
2020,WI,straton,2020-06-08,160
2020,WI,stratoff,2020-08-06,219
2020,WI,energy,2020-06-08,160
2020,WI,stability,2020-06-08,160
2020,WI,anoxia_summer,2020-06-08,160
